Type,Name,Request Count,Failure Count,Median Response Time,Average Response Time,Min Response Time,Max Response Time,Average Content Size,Requests/s,Failures/s,50%,66%,75%,80%,90%,95%,98%,99%,99.9%,99.99%,100%
GET,/recommendations,113506,0,44,54.47894456957503,7.833554998796899,1642.5895520005724,782.0,947.6308878443842,0.0,44,55,64,71,100,130,160,180,1200,1500,1600
,Aggregated,113506,0,44,54.47894456957503,7.833554998796899,1642.5895520005724,782.0,947.6308878443842,0.0,44,55,64,71,100,130,160,180,1200,1500,1600
